{
	"class_name" : "PinholeCameraParameters",
	"extrinsic" : 
	[
		0.94300779979332194,
		0.18050378428016695,
		-0.27956157352092764,
		0.0,
		-0.19666097643077438,
		0.97999328585508416,
		-0.030620581775170269,
		0.0,
		0.26844133414631299,
		0.083854299469344168,
		0.95963936277241846,
		0.0,
		-187.12602886352414,
		-68.512574539111625,
		-64.169017003376638,
		1.0
	],
	"intrinsic" : 
	{
		"height" : 1061,
		"intrinsic_matrix" : 
		[
			918.85295341528945,
			0.0,
			0.0,
			0.0,
			918.85295341528945,
			0.0,
			959.5,
			530.0,
			1.0
		],
		"width" : 1920
	},
	"version_major" : 1,
	"version_minor" : 0
}